Workbook

Sheet samples
A1: Sample Index | B1: 192.168.0.201 | C1: 192.168.0.202 | D1: 192.168.0.203 | E1: 192.168.0.204 | F1: 192.168.0.205 | G1: 192.168.0.206 | H1: 192.168.0.207 | I1: 192.168.0.208 | J1: 192.168.0.209 | K1: 192.168.0.210 | L1: 192.168.0.211 | M1: 192.168.0.213 | N1: 192.168.0.214 | O1: 192.168.0.215 | P1: 192.168.0.216
A2: 0 | B2: 169571038 | C2: 164986615 | D2: 791956969 | E2: 511372636 | F2: 773787009 | G2: 765950939 | H2: 758251673 | I2: 750165017 | J2: 742474178 | K2: 737067978 | L2: 729228920 | M2: 416948634
A3: 1 | B3: 173571048 | C3: 168986619 | D3: 795956970 | E3: 515372641 | F3: 777787015 | G3: 769950946 | H3: 762251683 | I3: 754165022 | J3: 746474185 | K3: 741067988 | L3: 733228930 | M3: 420948638
A4: 2 | B4: 177571047 | C4: 172986622 | D4: 799956974 | E4: 519372643 | F4: 781787009 | G4: 773950941 | H4: 766251677 | I4: 758165021 | J4: 750474183 | K4: 745067988 | L4: 737228930 | M4: 424948640
A5: 3 | B5: 181571041 | C5: 176986622 | D5: 803956973 | E5: 523372638 | F5: 785787014 | G5: 777950939 | H5: 770251678 | I5: 762165026 | J5: 754474188 | K5: 749067986 | L5: 741228922 | M5: 428948635
A6: 4 | B6: 185571048 | C6: 180986621 | D6: 807956979 | E6: 527372642 | F6: 789787019 | G6: 781950939 | H6: 774251682 | I6: 766165019 | J6: 758474187 | K6: 753067988 | L6: 745228921 | M6: 432948634
A7: 5 | B7: 189571048 | C7: 184986618 | D7: 811956972 | E7: 531372644 | F7: 793787019 | G7: 785950944 | H7: 778251676 | I7: 770165022 | J7: 762474182 | K7: 757067982 | L7: 749228930 | M7: 436948635
A8: 6 | B8: 193571043 | C8: 188986622 | D8: 815956977 | E8: 535372640 | F8: 797787018 | G8: 789950948 | H8: 782251673 | I8: 774165021 | J8: 766474185 | K8: 761067979 | L8: 753228922 | M8: 440948635
A9: 7 | B9: 197571048 | C9: 192986617 | D9: 819956969 | E9: 539372645 | F9: 801787016 | G9: 793950940 | H9: 786251679 | I9: 778165022 | J9: 770474178 | K9: 765067986 | L9: 757228921 | M9: 444948641
A10: 8 | B10: 201571047 | C10: 196986625 | D10: 823956969 | E10: 543372639 | F10: 805787018 | G10: 797950944 | H10: 790251673 | I10: 782165025 | J10: 774474185 | K10: 769067981 | L10: 761228925 | M10: 448948634
A11: 9 | B11: 205571038 | C11: 200986624 | D11: 827956974 | E11: 547372641 | F11: 809787011 | G11: 801950941 | H11: 794251678 | I11: 786165022 | J11: 778474182 | K11: 773067978 | L11: 765228926 | M11: 452948643
A12: 10 | B12: 209571039 | C12: 204986620 | D12: 831956971 | E12: 551372645 | F12: 813787009 | G12: 805950940 | H12: 798251674 | I12: 790165019 | J12: 782474187 | K12: 777067985 | L12: 769228927 | M12: 456948644
A13: 11 | B13: 213571048 | C13: 208986622 | D13: 835956979 | E13: 555372637 | F13: 817787019 | G13: 809950940 | H13: 802251682 | I13: 794165022 | J13: 786474179 | K13: 781067979 | L13: 773228923 | M13: 460948642
... A3601: 3599 | B3601: 14565571038 | C3601: 14560986617 | D3601: 15187956976 | E3601: 14907372641 | F3601: 15169787019 | G3601: 15161950942 | H3601: 15154251678 | I3601: 15146165019 | J3601: 15138474185 | K3601: 15133067986 | L3601: 15125228926 | M3601: 14812948637

Sheet jitter test with wifi
A1: Sample Index
A2: 0
A3: 1 | B3: =samples!B3-samples!B2-4000000 -> 10 | C3: =samples!C3-samples!C2-4000000 -> 4 | D3: =samples!D3-samples!D2-4000000 -> 1 | E3: =samples!E3-samples!E2-4000000 -> 5 | F3: =samples!F3-samples!F2-4000000 -> 6 | G3: =samples!G3-samples!G2-4000000 -> 7 | H3: =samples!H3-samples!H2-4000000 -> 10 | I3: =samples!I3-samples!I2-4000000 -> 5 | ... M3: =samples!M3-samples!M2-4000000 -> 4
A4: 2 | B4: =samples!B4-samples!B3-4000000 -> -1 | C4: =samples!C4-samples!C3-4000000 -> 3 | D4: =samples!D4-samples!D3-4000000 -> 4 | E4: =samples!E4-samples!E3-4000000 -> 2 | F4: =samples!F4-samples!F3-4000000 -> -6 | G4: =samples!G4-samples!G3-4000000 -> -5 | H4: =samples!H4-samples!H3-4000000 -> -6 | I4: =samples!I4-samples!I3-4000000 -> -1 | ... M4: =samples!M4-samples!M3-4000000 -> 2
A5: 3 | B5: =samples!B5-samples!B4-4000000 -> -6 | C5: =samples!C5-samples!C4-4000000 -> 0 | D5: =samples!D5-samples!D4-4000000 -> -1 | E5: =samples!E5-samples!E4-4000000 -> -5 | F5: =samples!F5-samples!F4-4000000 -> 5 | G5: =samples!G5-samples!G4-4000000 -> -2 | H5: =samples!H5-samples!H4-4000000 -> 1 | I5: =samples!I5-samples!I4-4000000 -> 5 | ... M5: =samples!M5-samples!M4-4000000 -> -5
A6: 4 | B6: =samples!B6-samples!B5-4000000 -> 7 | C6: =samples!C6-samples!C5-4000000 -> -1 | D6: =samples!D6-samples!D5-4000000 -> 6 | E6: =samples!E6-samples!E5-4000000 -> 4 | F6: =samples!F6-samples!F5-4000000 -> 5 | G6: =samples!G6-samples!G5-4000000 -> 0 | H6: =samples!H6-samples!H5-4000000 -> 4 | I6: =samples!I6-samples!I5-4000000 -> -7 | ... M6: =samples!M6-samples!M5-4000000 -> -1
A7: 5 | B7: =samples!B7-samples!B6-4000000 -> 0 | C7: =samples!C7-samples!C6-4000000 -> -3 | D7: =samples!D7-samples!D6-4000000 -> -7 | E7: =samples!E7-samples!E6-4000000 -> 2 | F7: =samples!F7-samples!F6-4000000 -> 0 | G7: =samples!G7-samples!G6-4000000 -> 5 | H7: =samples!H7-samples!H6-4000000 -> -6 | I7: =samples!I7-samples!I6-4000000 -> 3 | ... M7: =samples!M7-samples!M6-4000000 -> 1
A8: 6 | B8: =samples!B8-samples!B7-4000000 -> -5 | C8: =samples!C8-samples!C7-4000000 -> 4 | D8: =samples!D8-samples!D7-4000000 -> 5 | E8: =samples!E8-samples!E7-4000000 -> -4 | F8: =samples!F8-samples!F7-4000000 -> -1 | G8: =samples!G8-samples!G7-4000000 -> 4 | H8: =samples!H8-samples!H7-4000000 -> -3 | I8: =samples!I8-samples!I7-4000000 -> -1 | ... M8: =samples!M8-samples!M7-4000000 -> 0
A9: 7 | B9: =samples!B9-samples!B8-4000000 -> 5 | C9: =samples!C9-samples!C8-4000000 -> -5 | D9: =samples!D9-samples!D8-4000000 -> -8 | E9: =samples!E9-samples!E8-4000000 -> 5 | F9: =samples!F9-samples!F8-4000000 -> -2 | G9: =samples!G9-samples!G8-4000000 -> -8 | H9: =samples!H9-samples!H8-4000000 -> 6 | I9: =samples!I9-samples!I8-4000000 -> 1 | ... M9: =samples!M9-samples!M8-4000000 -> 6
A10: 8 | B10: =samples!B10-samples!B9-4000000 -> -1 | C10: =samples!C10-samples!C9-4000000 -> 8 | D10: =samples!D10-samples!D9-4000000 -> 0 | E10: =samples!E10-samples!E9-4000000 -> -6 | F10: =samples!F10-samples!F9-4000000 -> 2 | G10: =samples!G10-samples!G9-4000000 -> 4 | H10: =samples!H10-samples!H9-4000000 -> -6 | I10: =samples!I10-samples!I9-4000000 -> 3 | ... M10: =samples!M10-samples!M9-4000000 -> -7
A11: 9 | B11: =samples!B11-samples!B10-4000000 -> -9 | C11: =samples!C11-samples!C10-4000000 -> -1 | D11: =samples!D11-samples!D10-4000000 -> 5 | E11: =samples!E11-samples!E10-4000000 -> 2 | F11: =samples!F11-samples!F10-4000000 -> -7 | G11: =samples!G11-samples!G10-4000000 -> -3 | H11: =samples!H11-samples!H10-4000000 -> 5 | I11: =samples!I11-samples!I10-4000000 -> -3 | ... M11: =samples!M11-samples!M10-4000000 -> 9
A12: 10 | B12: =samples!B12-samples!B11-4000000 -> 1 | C12: =samples!C12-samples!C11-4000000 -> -4 | D12: =samples!D12-samples!D11-4000000 -> -3 | E12: =samples!E12-samples!E11-4000000 -> 4 | F12: =samples!F12-samples!F11-4000000 -> -2 | G12: =samples!G12-samples!G11-4000000 -> -1 | H12: =samples!H12-samples!H11-4000000 -> -4 | I12: =samples!I12-samples!I11-4000000 -> -3 | ... M12: =samples!M12-samples!M11-4000000 -> 1
A13: 11 | B13: =samples!B13-samples!B12-4000000 -> 9 | C13: =samples!C13-samples!C12-4000000 -> 2 | D13: =samples!D13-samples!D12-4000000 -> 8 | E13: =samples!E13-samples!E12-4000000 -> -8 | F13: =samples!F13-samples!F12-4000000 -> 10 | G13: =samples!G13-samples!G12-4000000 -> 0 | H13: =samples!H13-samples!H12-4000000 -> 8 | I13: =samples!I13-samples!I12-4000000 -> 3 | ... M13: =samples!M13-samples!M12-4000000 -> -2
A14: 12 | B14: =samples!B14-samples!B13-4000000 -> -9 | C14: =samples!C14-samples!C13-4000000 -> -3 | D14: =samples!D14-samples!D13-4000000 -> 0 | E14: =samples!E14-samples!E13-4000000 -> -1 | F14: =samples!F14-samples!F13-4000000 -> -10 | G14: =samples!G14-samples!G13-4000000 -> 7 | H14: =samples!H14-samples!H13-4000000 -> -9 | I14: =samples!I14-samples!I13-4000000 -> -2 | ... M14: =samples!M14-samples!M13-4000000 -> -6
... A3601: 3599 | B3601: =samples!B3601-samples!B3600-4000000 -> -3 | C3601: =samples!C3601-samples!C3600-4000000 -> -8 | D3601: =samples!D3601-samples!D3600-4000000 -> 3 | E3601: =samples!E3601-samples!E3600-4000000 -> -2 | F3601: =samples!F3601-samples!F3600-4000000 -> 9 | G3601: =samples!G3601-samples!G3600-4000000 -> -2 | H3601: =samples!H3601-samples!H3600-4000000 -> -5 | I3601: =samples!I3601-samples!I3600-4000000 -> -222 | ... M3601: =samples!M3601-samples!M3600-4000000 -> -4
B3603: {=MAX(ABS(B3:B3601))} -> 1501 | C3603: {=MAX(ABS(C3:C3601))} -> 244 | D3603: {=MAX(ABS(D3:D3601))} -> 260 | E3603: {=MAX(ABS(E3:E3601))} -> 353 | F3603: {=MAX(ABS(F3:F3601))} -> 1813 | G3603: {=MAX(ABS(G3:G3601))} -> 279 | H3603: {=MAX(ABS(H3:H3601))} -> 468 | I3603: {=MAX(ABS(I3:I3601))} -> 416 | ... M3603: {=MAX(ABS(M3:M3601))} -> 594
B3604: =SUM(B3:B3601) -> 0 | C3604: =SUM(C3:C3601) -> 2 | D3604: =SUM(D3:D3601) -> 7 | E3604: =SUM(E3:E3601) -> 5 | F3604: =SUM(F3:F3601) -> 10 | G3604: =SUM(G3:G3601) -> 3 | H3604: =SUM(H3:H3601) -> 5 | I3604: =SUM(I3:I3601) -> 2 | ... M3604: =SUM(M3:M3601) -> 3

Sheet drift relative to 201
A1: Sample Index
A2: 0
A3: 1 | B3: =samples!B3-samples!B2-(samples!$B3-samples!$B2) -> 0 | C3: =samples!C3-samples!C2-(samples!$B3-samples!$B2) -> -6 | D3: =samples!D3-samples!D2-(samples!$B3-samples!$B2) -> -9 | E3: =samples!E3-samples!E2-(samples!$B3-samples!$B2) -> -5 | F3: =samples!F3-samples!F2-(samples!$B3-samples!$B2) -> -4 | G3: =samples!G3-samples!G2-(samples!$B3-samples!$B2) -> -3 | H3: =samples!H3-samples!H2-(samples!$B3-samples!$B2) -> 0 | I3: =samples!I3-samples!I2-(samples!$B3-samples!$B2) -> -5 | ... M3: =samples!M3-samples!M2-(samples!$B3-samples!$B2) -> -6
A4: 2 | B4: =samples!B4-samples!B3-(samples!$B4-samples!$B3) -> 0 | C4: =samples!C4-samples!C3-(samples!$B4-samples!$B3) -> 4 | D4: =samples!D4-samples!D3-(samples!$B4-samples!$B3) -> 5 | E4: =samples!E4-samples!E3-(samples!$B4-samples!$B3) -> 3 | F4: =samples!F4-samples!F3-(samples!$B4-samples!$B3) -> -5 | G4: =samples!G4-samples!G3-(samples!$B4-samples!$B3) -> -4 | H4: =samples!H4-samples!H3-(samples!$B4-samples!$B3) -> -5 | I4: =samples!I4-samples!I3-(samples!$B4-samples!$B3) -> 0 | ... M4: =samples!M4-samples!M3-(samples!$B4-samples!$B3) -> 3
A5: 3 | B5: =samples!B5-samples!B4-(samples!$B5-samples!$B4) -> 0 | C5: =samples!C5-samples!C4-(samples!$B5-samples!$B4) -> 6 | D5: =samples!D5-samples!D4-(samples!$B5-samples!$B4) -> 5 | E5: =samples!E5-samples!E4-(samples!$B5-samples!$B4) -> 1 | F5: =samples!F5-samples!F4-(samples!$B5-samples!$B4) -> 11 | G5: =samples!G5-samples!G4-(samples!$B5-samples!$B4) -> 4 | H5: =samples!H5-samples!H4-(samples!$B5-samples!$B4) -> 7 | I5: =samples!I5-samples!I4-(samples!$B5-samples!$B4) -> 11 | ... M5: =samples!M5-samples!M4-(samples!$B5-samples!$B4) -> 1
A6: 4 | B6: =samples!B6-samples!B5-(samples!$B6-samples!$B5) -> 0 | C6: =samples!C6-samples!C5-(samples!$B6-samples!$B5) -> -8 | D6: =samples!D6-samples!D5-(samples!$B6-samples!$B5) -> -1 | E6: =samples!E6-samples!E5-(samples!$B6-samples!$B5) -> -3 | F6: =samples!F6-samples!F5-(samples!$B6-samples!$B5) -> -2 | G6: =samples!G6-samples!G5-(samples!$B6-samples!$B5) -> -7 | H6: =samples!H6-samples!H5-(samples!$B6-samples!$B5) -> -3 | I6: =samples!I6-samples!I5-(samples!$B6-samples!$B5) -> -14 | ... M6: =samples!M6-samples!M5-(samples!$B6-samples!$B5) -> -8
A7: 5 | B7: =samples!B7-samples!B6-(samples!$B7-samples!$B6) -> 0 | C7: =samples!C7-samples!C6-(samples!$B7-samples!$B6) -> -3 | D7: =samples!D7-samples!D6-(samples!$B7-samples!$B6) -> -7 | E7: =samples!E7-samples!E6-(samples!$B7-samples!$B6) -> 2 | F7: =samples!F7-samples!F6-(samples!$B7-samples!$B6) -> 0 | G7: =samples!G7-samples!G6-(samples!$B7-samples!$B6) -> 5 | H7: =samples!H7-samples!H6-(samples!$B7-samples!$B6) -> -6 | I7: =samples!I7-samples!I6-(samples!$B7-samples!$B6) -> 3 | ... M7: =samples!M7-samples!M6-(samples!$B7-samples!$B6) -> 1
A8: 6 | B8: =samples!B8-samples!B7-(samples!$B8-samples!$B7) -> 0 | C8: =samples!C8-samples!C7-(samples!$B8-samples!$B7) -> 9 | D8: =samples!D8-samples!D7-(samples!$B8-samples!$B7) -> 10 | E8: =samples!E8-samples!E7-(samples!$B8-samples!$B7) -> 1 | F8: =samples!F8-samples!F7-(samples!$B8-samples!$B7) -> 4 | G8: =samples!G8-samples!G7-(samples!$B8-samples!$B7) -> 9 | H8: =samples!H8-samples!H7-(samples!$B8-samples!$B7) -> 2 | I8: =samples!I8-samples!I7-(samples!$B8-samples!$B7) -> 4 | ... M8: =samples!M8-samples!M7-(samples!$B8-samples!$B7) -> 5
A9: 7 | B9: =samples!B9-samples!B8-(samples!$B9-samples!$B8) -> 0 | C9: =samples!C9-samples!C8-(samples!$B9-samples!$B8) -> -10 | D9: =samples!D9-samples!D8-(samples!$B9-samples!$B8) -> -13 | E9: =samples!E9-samples!E8-(samples!$B9-samples!$B8) -> 0 | F9: =samples!F9-samples!F8-(samples!$B9-samples!$B8) -> -7 | G9: =samples!G9-samples!G8-(samples!$B9-samples!$B8) -> -13 | H9: =samples!H9-samples!H8-(samples!$B9-samples!$B8) -> 1 | I9: =samples!I9-samples!I8-(samples!$B9-samples!$B8) -> -4 | ... M9: =samples!M9-samples!M8-(samples!$B9-samples!$B8) -> 1
A10: 8 | B10: =samples!B10-samples!B9-(samples!$B10-samples!$B9) -> 0 | C10: =samples!C10-samples!C9-(samples!$B10-samples!$B9) -> 9 | D10: =samples!D10-samples!D9-(samples!$B10-samples!$B9) -> 1 | E10: =samples!E10-samples!E9-(samples!$B10-samples!$B9) -> -5 | F10: =samples!F10-samples!F9-(samples!$B10-samples!$B9) -> 3 | G10: =samples!G10-samples!G9-(samples!$B10-samples!$B9) -> 5 | H10: =samples!H10-samples!H9-(samples!$B10-samples!$B9) -> -5 | I10: =samples!I10-samples!I9-(samples!$B10-samples!$B9) -> 4 | ... M10: =samples!M10-samples!M9-(samples!$B10-samples!$B9) -> -6
A11: 9 | B11: =samples!B11-samples!B10-(samples!$B11-samples!$B10) -> 0 | C11: =samples!C11-samples!C10-(samples!$B11-samples!$B10) -> 8 | D11: =samples!D11-samples!D10-(samples!$B11-samples!$B10) -> 14 | E11: =samples!E11-samples!E10-(samples!$B11-samples!$B10) -> 11 | F11: =samples!F11-samples!F10-(samples!$B11-samples!$B10) -> 2 | G11: =samples!G11-samples!G10-(samples!$B11-samples!$B10) -> 6 | H11: =samples!H11-samples!H10-(samples!$B11-samples!$B10) -> 14 | I11: =samples!I11-samples!I10-(samples!$B11-samples!$B10) -> 6 | ... M11: =samples!M11-samples!M10-(samples!$B11-samples!$B10) -> 18
A12: 10 | B12: =samples!B12-samples!B11-(samples!$B12-samples!$B11) -> 0 | C12: =samples!C12-samples!C11-(samples!$B12-samples!$B11) -> -5 | D12: =samples!D12-samples!D11-(samples!$B12-samples!$B11) -> -4 | E12: =samples!E12-samples!E11-(samples!$B12-samples!$B11) -> 3 | F12: =samples!F12-samples!F11-(samples!$B12-samples!$B11) -> -3 | G12: =samples!G12-samples!G11-(samples!$B12-samples!$B11) -> -2 | H12: =samples!H12-samples!H11-(samples!$B12-samples!$B11) -> -5 | I12: =samples!I12-samples!I11-(samples!$B12-samples!$B11) -> -4 | ... M12: =samples!M12-samples!M11-(samples!$B12-samples!$B11) -> 0
A13: 11 | B13: =samples!B13-samples!B12-(samples!$B13-samples!$B12) -> 0 | C13: =samples!C13-samples!C12-(samples!$B13-samples!$B12) -> -7 | D13: =samples!D13-samples!D12-(samples!$B13-samples!$B12) -> -1 | E13: =samples!E13-samples!E12-(samples!$B13-samples!$B12) -> -17 | F13: =samples!F13-samples!F12-(samples!$B13-samples!$B12) -> 1 | G13: =samples!G13-samples!G12-(samples!$B13-samples!$B12) -> -9 | H13: =samples!H13-samples!H12-(samples!$B13-samples!$B12) -> -1 | I13: =samples!I13-samples!I12-(samples!$B13-samples!$B12) -> -6 | ... M13: =samples!M13-samples!M12-(samples!$B13-samples!$B12) -> -11
A14: 12 | B14: =samples!B14-samples!B13-(samples!$B14-samples!$B13) -> 0 | C14: =samples!C14-samples!C13-(samples!$B14-samples!$B13) -> 6 | D14: =samples!D14-samples!D13-(samples!$B14-samples!$B13) -> 9 | E14: =samples!E14-samples!E13-(samples!$B14-samples!$B13) -> 8 | F14: =samples!F14-samples!F13-(samples!$B14-samples!$B13) -> -1 | G14: =samples!G14-samples!G13-(samples!$B14-samples!$B13) -> 16 | H14: =samples!H14-samples!H13-(samples!$B14-samples!$B13) -> 0 | I14: =samples!I14-samples!I13-(samples!$B14-samples!$B13) -> 7 | ... M14: =samples!M14-samples!M13-(samples!$B14-samples!$B13) -> 3
... A3601: 3599 | B3601: =samples!B3601-samples!B3600-(samples!$B3601-samples!$B3600) -> 0 | C3601: =samples!C3601-samples!C3600-(samples!$B3601-samples!$B3600) -> -5 | D3601: =samples!D3601-samples!D3600-(samples!$B3601-samples!$B3600) -> 6 | E3601: =samples!E3601-samples!E3600-(samples!$B3601-samples!$B3600) -> 1 | F3601: =samples!F3601-samples!F3600-(samples!$B3601-samples!$B3600) -> 12 | G3601: =samples!G3601-samples!G3600-(samples!$B3601-samples!$B3600) -> 1 | H3601: =samples!H3601-samples!H3600-(samples!$B3601-samples!$B3600) -> -2 | I3601: =samples!I3601-samples!I3600-(samples!$B3601-samples!$B3600) -> -219 | ... M3601: =samples!M3601-samples!M3600-(samples!$B3601-samples!$B3600) -> -1
B3603: {=MAX(ABS(B3:B3601))} -> 0 | C3603: {=MAX(ABS(C3:C3601))} -> 1499 | D3603: {=MAX(ABS(D3:D3601))} -> 1501 | E3603: {=MAX(ABS(E3:E3601))} -> 1507 | F3603: {=MAX(ABS(F3:F3601))} -> 1809 | G3603: {=MAX(ABS(G3:G3601))} -> 1511 | H3603: {=MAX(ABS(H3:H3601))} -> 1502 | I3603: {=MAX(ABS(I3:I3601))} -> 1503 | ... M3603: {=MAX(ABS(M3:M3601))} -> 1507
B3604: =SUM(B3:B3601) -> 0 | C3604: =SUM(C3:C3601) -> 2 | D3604: =SUM(D3:D3601) -> 7 | E3604: =SUM(E3:E3601) -> 5 | F3604: =SUM(F3:F3601) -> 10 | G3604: =SUM(G3:G3601) -> 3 | H3604: =SUM(H3:H3601) -> 5 | I3604: =SUM(I3:I3601) -> 2 | ... M3604: =SUM(M3:M3601) -> 3
